время,6068
жизнь,4017
слово,2639
право,2317
место,2225
народ,2026
образ,1656
форма,1506
конец,1492
город,1423
мысль,1357
рынок,1328
часть,1322
смысл,1314
земля,1254
дверь,1206
война,1141
голос,1038
число,972
закон,944
наука,799
книга,797
связь,787
бытие,761
улица,759
ответ,742
семья,721
месяц,619
судно,603
плечо,597
школа,590
нефть,590
точка,568
палец,563
стена,556
армия,541
вечер,538
сфера,524
флора,520
центр,517
страх,511
спина,509
спрос,497
автор,496
кровь,483
рубль,483
ветер,470
товар,456
разум,455
совет,449
берег,446
выход,440
метод,440
черта,438
успех,435
масса,435
глава,433
класс,433
гость,432
орган,426
эпоха,387
путин,384
волна,379
целое,364
волос,355
толпа,354
грудь,342
линия,338
слеза,337
поиск,326
текст,324
огонь,323
номер,319
выбор,317
повод,311
песня,302
доход,302
запад,296
вывод,294
тайна,293
среда,285
норма,278
моряк,277
дождь,277
кухня,270
мужик,267
запах,263
рамка,263
вождь,262
каюта,258
немец,256
лидер,250
осень,245
герой,244
слава,242
нация,239
прием,234
карта,222
птица,219
фраза,219
поезд,218
весна,218
район,212
объем,211
строй,209
роман,208
майор,207
поток,204
порог,204
смена,204
благо,201
сотня,199
покой,198
трава,196
фильм,196
отдел,195
еврей,192
отряд,186
сосед,186
фронт,184
режим,182
агент,180
водка,178
кусок,178
запас,178
сумка,177
полка,177
схема,177
вагон,174
племя,174
честь,172
акция,172
сцена,166
адрес,163
вызов,163
поход,163
замок,159
мечта,158
жилье,158
сумма,158
сутки,155
крыло,154
живот,153
океан,153
крыша,151
доска,151
завод,151
лента,151
хвост,150
тропа,150
буква,150
фирма,149
полет,146
шутка,145
канал,145
элита,145
тоска,144
стиль,144
заказ,144
труба,142
дурак,142
диван,140
кулак,140
тетка,139
мороз,139
пятно,138
собор,134
мешок,132
билет,132
пауза,132
крест,132
туман,131
сюжет,131
музей,130
отдых,130
обида,129
зверь,129
театр,128
рукав,128
экран,125
пункт,125
крыса,125
горло,124
сапог,124
озеро,122
отказ,122
налог,122
сырье,122
ручка,121
кость,120
бровь,120
цифра,120
радио,119
песок,116
кошка,115
биржа,115
масло,114
нужда,114
монах,114
танец,112
добро,112
лодка,111
дочка,111
шляпа,110
почва,110
север,109
удача,108
идеал,108
мышка,107
грязь,107
капля,106
юноша,105
гений,104
форум,102
холод,101
шофер,100
ружье,99
забор,99
блеск,99
съезд,97
отель,96
лагер,95
койка,95
ствол,95
взрыв,95
визит,94
отчет,94
игрок,94
исток,94
обвал,94
барак,93
шапка,93
плита,92
набор,92
пакет,91
жажда,91
домик,90
охота,90
тезис,90
папка,89
повар,88
турок,88
халат,88
обмен,88
склад,87
ветка,87
брюки,86
метро,86
топор,86
рубеж,86
чашка,84
бочка,84
палка,84
голод,84
звено,83
белье,82
рюмка,81
пламя,81
порыв,81
опора,81
плата,81
склон,80
ведро,80
отчим,79
бомба,79
отход,79
слуга,79
суета,78
навык,78
ручей,77
бабка,77
недра,77
учеба,76
рыбак,75
вахта,75
блюдо,75
грань,75
мотив,75
ислам,75
альфа,74
свеча,73
плоть,73
ветвь,72
князь,71
уголь,71
седло,70
столб,70
парус,68
ножка,68
намек,68
виски,67
штаны,67
башня,67
облик,66
округ,66
шторм,65
скала,65
бедро,65
шкура,65
серия,64
атака,64
обман,64
тепло,64
мотор,63
порок,63
малыш,62
принц,62
драка,61
проза,61
девка,61
орден,61
знамя,61
пилот,60
такси,60
сахар,60
обувь,60
печка,60
пожар,60
отбор,60
табак,59
фрукт,59
петух,59
чужое,59
судья,59
посол,58
штука,58
салон,58
погон,58
икона,58
мышца,57
морда,57
ласка,57
лампа,57
жених,56
пирог,56
битва,56
тонна,56
юрист,56
тупик,56
этика,56
салун,55
длина,55
тварь,55
злоба,55
вздох,55
позор,55
лавка,55
марка,55
маска,55
побег,54
висок,54
исход,54
скука,54
масть,54
спирт,52
степь,52
стадо,52
вклад,52
гейша,51
наряд,51
пьеса,50
канон,50
кузов,49
парка,49
рубка,49
ребро,49
зерно,49
эстет,48
катер,48
хаким,48
дрожь,48
сосуд,48
почта,48
залив,47
копье,47
палач,47
испуг,47
нутро,47
комар,46
кисть,46
кукла,46
затея,46
сдвиг,46
аллах,45
проем,45
гараж,45
речка,45
рывок,45
стать,45
волга,44
родня,44
идиот,44
казнь,44
копия,44
актер,44
ложка,44
месть,44
ангел,44
струя,43
ковер,43
туфля,43
пушка,43
ванна,43
дрова,43
сезон,43
искра,43
шорох,43
бизон,42
холст,42
треть,42
русло,42
манер,42
актив,42
пачка,41
грамм,41
пятка,41
рыбка,41
посыл,41
сопка,40
котел,40
закат,40
треск,40
сосна,40
нитка,40
сарай,40
якорь,39
заход,39
хохот,39
качка,39
драма,39
ссора,39
ворон,39
взлет,39
особь,38
носка,38
архив,38
арест,38
мусор,38
кадет,38
черед,38
бронь,38
бокал,37
касса,37
башка,37
гетто,37
дымка,37
штора,37
смесь,37
ткань,37
сынок,36
балка,36
вилка,36
лапка,36
овраг,36
казна,36
цыган,35
мадам,35
груда,35
пытка,35
базар,35
петля,35
багаж,35
довод,35
каста,35
спуск,34
гроза,34
пение,34
парад,34
слюна,34
вопль,34
лапша,34
череп,34
чутье,34
ущерб,34
обзор,34
катет,33
свист,33
купол,33
банан,33
упрек,33
напор,33
ферма,33
карла,33
бухта,32
олень,32
спорт,32
магия,32
вдова,32
сдача,32
поляк,31
литва,31
шпион,31
иудей,31
майка,31
культ,31
барин,31
отток,31
лотос,30
рация,30
тумба,30
ягода,30
тайга,30
буфет,30
колея,30
завет,30
вилла,29
влага,29
опера,29
глина,29
фокус,29
приют,29
скрип,29
устав,29
сквер,28
шепот,28
банда,28
шишка,28
вихрь,28
пепел,28
малый,28
бремя,28
порка,28
пацан,27
азарт,27
выезд,27
медик,27
корма,27
тесть,27
кишка,27
голец,26
мачта,26
кивок,26
особа,26
отзыв,26
вирус,26
конек,26
пчела,26
разок,26
титул,26
богач,26
гонка,26
франк,26
алмаз,26
сетка,25
халиф,25
скаут,25
щенок,25
латыш,25
топот,25
гудок,25
будка,25
жилец,25
смола,25
орало,25
борец,25
козел,25
брюхо,25
старт,25
дырка,25
секта,25
вылет,24
букет,24
комок,24
вышка,24
талия,24
певец,24
порох,24
купец,24
пафос,24
свита,23
кларк,23
казак,23
чехол,23
очерк,23
кумир,23
рельс,23
навоз,23
возня,23
скула,23
химия,23
парта,23
сталь,23
рычаг,23
фикус,22
фужер,22
купаж,22
боинг,22
резон,22
шахта,22
дуэль,22
обход,22
брань,22
кучка,22
горка,22
шоссе,22
чулок,22
лесть,22
пинок,22
физик,22
броня,22
созыв,22
фюрер,21
баран,21
пучок,21
тираж,21
фишка,21
взвод,21
белок,21
смута,21
залог,21
обрыв,21
шарик,20
шхуна,20
генри,20
сабля,20
почет,20
камин,20
дрянь,20
бугор,20
чужак,20
мятеж,20
недуг,20
взмах,20
демон,20
житие,20
обряд,20
девиз,20
барон,20
фланг,20
логос,20
табун,19
навес,19
баржа,19
косяк,19
пульт,19
шаман,19
салат,19
паром,19
будда,19
ширма,19
отбой,19
видео,19
мираж,19
глушь,19
венец,19
руина,19
показ,19
арена,19
ересь,19
эйдос,19
налет,18
валун,18
талиб,18
херес,18
ворох,18
байка,18
садик,18
щепка,18
ролик,18
фляга,18
глыба,18
оазис,18
алкаш,18
проба,18
миска,18
отпор,18
окрик,18
метла,18
имидж,18
абзац,18
виток,18
медиа,18
сваха,18
чижик,17
немка,17
перец,17
кепка,17
чайка,17
нотка,17
рояль,17
гонец,17
въезд,17
заряд,17
лимон,17
акула,17
индус,17
басня,17
изгиб,17
поэма,17
сенат,17
толща,17
трата,17
мурка,16
чувак,16
фомич,16
стрит,16
детка,16
обыск,16
питие,16
греза,16
бетон,16
шатер,16
наган,16
тулуп,16
донос,16
берет,16
телец,16
прядь,16
отлив,16
штраф,16
самка,16
груша,16
полюс,16
губка,16
набег,16
взнос,16
клерк,16
топос,16
бачок,15
вальс,15
короб,15
шуруп,15
треня,15
верфь,15
лилия,15
радар,15
пекло,15
газик,15
шлейф,15
бланк,15
циник,15
дудка,15
пятак,15
шашка,15
подол,15
шпага,15
пурга,15
чудак,15
транс,15
зачет,15
пульс,15
угода,15
пресс,15
челси,15
ранец,14
бутон,14
вишня,14
бубна,14
носик,14
хвала,14
хутор,14
факел,14
щетка,14
побои,14
кибер,14
чрево,14
носок,14
белка,14
пласт,14
давка,14
курок,14
кудри,14
бычок,14
спица,14
шквал,14
сопля,14
пенек,14
древо,14
досуг,14
тонус,14
шкала,14
шажок,14
стужа,14
финал,14
киоск,14
манеж,14
титан,14
полис,14
полог,13
сырок,13
денек,13
хмель,13
устье,13
тачка,13
озноб,13
ордер,13
кубик,13
пихта,13
смотр,13
вираж,13
кольт,13
месье,13
томми,13
бордо,13
корка,13
выдох,13
кокон,13
соска,13
фасад,13
узник,13
вздор,13
блоха,13
говор,13
изыск,13
лихва,13
помин,13
химик,13
сокол,13
венок,13
изгой,13
вынос,13
вояка,12
тушка,12
йогин,12
рулон,12
узбек,12
ощупь,12
шмель,12
койот,12
гамма,12
докер,12
комод,12
кабак,12
минус,12
тюфяк,12
хлыст,12
аллея,12
делец,12
крупа,12
догма,12
азиат,12
гряда,12
нюанс,12
стопа,12
оклад,12
ларек,12
бойня,12
нажим,12
осина,12
столп,12
мурза,12
откос,12
бренд,12
базис,12
писец,12
умора,12
гумно,12
брэнд,12
тренд,12
тезка,11
чалма,11
дрозд,11
отсек,11
насос,11
сироп,11
каска,11
весло,11
плеть,11
кивер,11
невод,11
кроха,11
леска,11
шлюха,11
валер,11
газон,11
грива,11
парик,11
батон,11
шрифт,11
гладь,11
аванс,11
балет,11
канат,11
червь,11
веник,11
фиорд,11
сеанс,11
вожак,11
горец,11
пасха,11
кузен,11
самец,11
вьюга,11
завал,11
опека,11
труха,11
изъян,11
отрыв,11
молва,11
уклад,11
тиран,11
штамп,11
штрих,11
ритор,11
модем,11
досье,10
краса,10
шхера,10
обрез,10
снедь,10
опель,10
тахта,10
топка,10
синяк,10
турне,10
аборт,10
кварц,10
салют,10
шприц,10
ранка,10
загон,10
кирка,10
жилет,10
шасси,10
мазок,10
мытье,10
клоун,10
шубка,10
счеты,10
галка,10
мерка,10
чернь,10
бидон,10
томик,10
рожон,10
бреда,10
каток,10
банка,10
дрема,10
мания,10
ничья,10
аврал,10
мойка,10
ливер,10
выкуп,10
ореол,10
врата,10
афера,10
линза,10
тариф,10
клюка,10
унция,10
акциз,10
клава,9
одурь,9
дозор,9
шатун,9
покос,9
тракт,9
смерч,9
ляжка,9
прога,9
гомон,9
лоток,9
матюг,9
сыщик,9
чугун,9
табла,9
бонус,9
тюбик,9
лопух,9
спазм,9
копна,9
гюрза,9
ранчо,9
рампа,9
конго,9
пират,9
локон,9
хворь,9
булка,9
жесть,9
хрень,9
кисет,9
покои,9
хруст,9
скарб,9
взлом,9
жулик,9
телок,9
устой,9
бобер,9
крона,9
казус,9
почка,9
торец,9
муляж,9
рифма,9
рожок,9
трель,9
кочка,9
кража,9
оргия,9
ловля,9
сучка,9
мазка,9
опрос,9
канун,9
оскал,9
дробь,9
вывоз,9
ярлык,9
хохол,9
хомут,9
зенит,9
купля,9
грозд,9
желчь,9
ахилл,9
летун,9
совка,9
ножны,8
хобби,8
штиль,8
жарка,8
табло,8
обком,8
траур,8
плато,8
строп,8
жрица,8
зебра,8
мочка,8
бурка,8
резня,8
коппа,8
шериф,8
шпиль,8
маляр,8
четки,8
дроля,8
глубь,8
прыть,8
вырез,8
кураж,8
бриль,8
наезд,8
камыш,8
эскиз,8
шулер,8
извив,8
кофта,8
карма,8
тесто,8
порча,8
ступа,8
бабло,8
грипп,8
лубок,8
потоп,8
табор,8
умник,8
уазик,8
буфер,8
кореш,8
уступ,8
зелье,8
накал,8
пепси,8
эллин,8
санки,8
вебер,8
рента,8
фазис,8
льяло,7
нахал,7
годик,7
искус,7
амбар,7
плеер,7
свора,7
часок,7
дрейф,7
тембр,7
кобра,7
шнапс,7
авеню,7
загар,7
лючок,7
пайка,7
помор,7
шакал,7
часик,7
фигня,7
лейка,7
флирт,7
сушка,7
запор,7
спрут,7
стела,7
рупор,7
осман,7
бридж,7
батат,7
отгул,7
склеп,7
штурм,7
крага,7
рвота,7
греча,7
смета,7
кефир,7
шпала,7
гайка,7
весть,7
осада,7
помпа,7
паста,7
шайка,7
гвалт,7
кукиш,7
кулик,7
беляк,7
левша,7
шалаш,7
кредо,7
рознь,7
тазик,7
излом,7
евнух,7
завуч,7
замер,7
выпад,7
страж,7
мэрия,7
спесь,7
мумия,7
брешь,7
фасон,7
падло,7
адепт,7
всход,7
курия,7
метка,7
синай,7
голем,7
домен,7
аббат,7
плаха,6
дамба,6
ческа,6
афиша,6
минер,6
пижон,6
рокот,6
сапер,6
залом,6
абрис,6
ойрот,6
грунт,6
битум,6
калан,6
декан,6
драйв,6
дупло,6
хохма,6
фотка,6
капот,6
ацтек,6
диета,6
челка,6
чудик,6
астма,6
мирок,6
дебил,6
ябеда,6
томат,6
финиш,6
метис,6
франт,6
карен,6
малик,6
стенд,6
какао,6
пойло,6
пупок,6
удила,6
котик,6
каноэ,6
лямка,6
валет,6
длань,6
булат,6
жерло,6
канва,6
зубок,6
угорь,6
орава,6
кросс,6
типаж,6
мишка,6
вихор,6
смрад,6
гниль,6
скоба,6
слизь,6
содом,6
дужка,6
упырь,6
сплав,6
нарыв,6
откат,6
мулла,6
дебри,6
засов,6
улика,6
стезя,6
шейка,6
десна,6
кубок,6
утеха,6
перст,6
побор,6
жучок,6
олимп,6
тиски,6
чешуя,6
днище,6
мразь,6
отшиб,6
попса,6
амбал,6
фауна,6
шланг,6
излет,6
бисер,6
кювет,6
лобби,6
эгида,6
олово,6
обуза,6
колон,6
одежа,6
актор,6
сурок,6
резка,5
посев,5
марго,5
ликер,5
арбуз,5
плеск,5
аорта,5
быдло,5
сонет,5
тучка,5
навал,5
мерин,5
щебет,5
румын,5
фанат,5
фобия,5
аскет,5
филер,5
дылда,5
лоция,5
мячик,5
кабул,5
филей,5
тапка,5
полок,5
душка,5
сотка,5
рубец,5
пьянь,5
дятел,5
замша,5
порез,5
гарем,5
донна,5
круча,5
виола,5
сауна,5
метил,5
колба,5
жирок,5
волхв,5
блажь,5
наказ,5
огрех,5
сукно,5
запой,5
хакер,5
лунка,5
босяк,5
пудра,5
створ,5
кадык,5
бляха,5
эмаль,5
уклон,5
гнида,5
годок,5
посул,5
позыв,5
отлет,5
полоз,5
фраер,5
талон,5
мушка,5
пенка,5
тяжба,5
макар,5
ножик,5
ровня,5
зубец,5
грант,5
битье,5
ртуть,5
кучер,5
судак,5
робот,5
разор,5
логик,5
зазор,5
истец,5
ворот,5
лярва,5
задел,5
извод,4
опиум,4
мудра,4
трояк,4
шерри,4
келья,4
схрон,4
слюни,4
былье,4
жокей,4
охват,4
мамка,4
алиби,4
пряжа,4
напев,4
задор,4
пушок,4
изюбр,4
чушка,4
желоб,4
такса,4
эфиоп,4
шумок,4
мошка,4
забег,4
укроп,4
сбруя,4
обвод,4
лаваш,4
мохер,4
кодак,4
слега,4
лепта,4
балда,4
попка,4
шорты,4
гольф,4
кнехт,4
жилка,4
роток,4
хобот,4
скотч,4
колос,4
сазан,4
домна,4
отара,4
дележ,4
пивко,4
штырь,4
айвар,4
падла,4
атлас,4
кузня,4
бабай,4
тумак,4
пуант,4
шатен,4
ихрам,4
дебют,4
загул,4
седок,4
френд,4
ладья,4
духан,4
ребус,4
панно,4
покер,4
лесок,4
кабан,4
финка,4
верша,4
окись,4
запал,4
морок,4
уксус,4
лишек,4
лабаз,4
вуаль,4
лучок,4
пицца,4
варка,4
космы,4
щечка,4
кутеж,4
фавор,4
ходок,4
масон,4
пенал,4
инжир,4
пешка,4
круть,4
мелок,4
враль,4
щелка,4
щиток,4
чулан,4
износ,4
леший,4
прима,4
горох,4
закал,4
сброд,4
икота,4
мафия,4
плешь,4
ксива,4
хорал,4
тотем,4
навет,4
варяг,4
чурка,4
ингуш,4
фотон,4
занос,4
аудио,4
ломка,4
замах,4
падеж,4
рабби,4
квота,4
говно,4
посох,4
аспид,4
утеря,4
лужок,4
спора,4
эдикт,4
малек,4
бэкон,4
затор,4
техно,4
талер,4
квант,4
козак,4
этнос,3
божок,3
норка,3
отрог,3
сошка,3
скайп,3
холоп,3
бекон,3
пилка,3
айсор,3
ариец,3
салоп,3
пашня,3
пасть,3
улыба,3
дщерь,3
черви,3
балык,3
ночка,3
понос,3
лакей,3
пошив,3
бугай,3
манда,3
кушак,3
лемех,3
семга,3
черва,3
сглаз,3
триба,3
тубус,3
рений,3
хинин,3
сезам,3
саван,3
лиска,3
ландо,3
просо,3
ослик,3
жисть,3
знать,3
пинта,3
кавун,3
лимфа,3
вобла,3
стейк,3
кранц,3
кизяк,3
клеть,3
намаз,3
пиала,3
плебс,3
штамм,3
ребай,3
вязка,3
профи,3
потек,3
бочок,3
зарез,3
вожжа,3
дрязг,3
ходжа,3
мазня,3
убыль,3
хаджи,3
патер,3
маета,3
сурик,3
стояк,3
бронх,3
штейн,3
тавот,3
ямщик,3
чифир,3
жулье,3
дедка,3
шаттл,3
зомби,3
прайс,3
лирик,3
пшено,3
хасид,3
парша,3
гурий,3
джинн,3
ездок,3
казах,3
нения,3
мизер,3
остов,3
гонор,3
выдра,3
щипец,3
лиана,3
дебош,3
сидор,3
терка,3
рохля,3
стель,3
треха,3
кашка,3
русак,3
яство,3
макет,3
аймак,3
кадка,3
струп,3
асана,3
ловец,3
донор,3
левак,3
тычок,3
зарок,3
мазут,3
заика,3
мотка,3
тыква,3
аркан,3
ропот,3
жираф,3
стоун,3
ладан,3
хмырь,3
отрок,3
феска,3
конюх,3
иврит,3
ботва,3
торба,3
фрунт,3
норов,3
скреп,3
фурия,3
фибра,3
цвель,3
хиппи,3
откуп,3
ангар,3
умолк,3
кисея,3
грыжа,3
шитье,3
силок,3
венка,3
таран,3
малец,3
риска,3
оплот,3
стоик,3
облом,3
ряска,3
фетиш,3
ханжа,3
молот,3
конус,3
ротик,3
обруч,3
махра,3
амбра,3
шпана,3
фатум,3
медок,3
агора,3
колун,3
тщета,3
надир,3
абрек,3
фрейм,3
засол,2
ухват,2
выпас,2
гуляш,2
огляд,2
лепка,2
кулон,2
бритт,2
сопло,2
додик,2
торий,2
карра,2
ветла,2
батог,2
яичко,2
манго,2
сачок,2
брасс,2
рэкет,2
сосок,2
стома,2
фиджи,2
буран,2
донец,2
ледок,2
пайол,2
ампер,2
тенор,2
шабли,2
ламер,2
отвал,2
лунит,2
хамон,2
куфия,2
сусек,2
песец,2
матка,2
филон,2
сайда,2
кумач,2
пончо,2
слива,2
сноси,2
судок,2
винцо,2
калий,2
чечен,2
лицей,2
мание,2
галун,2
хитон,2
кумыс,2
багор,2
барыш,2
бодун,2
терра,2
лихач,2
графа,2
чакра,2
чтиво,2
магма,2
птаха,2
дилер,2
липка,2
сленг,2
бэшка,2
калач,2
шурин,2
набат,2
редис,2
затон,2
осыпь,2
отжим,2
начин,2
кирза,2
венгр,2
холин,2
агнец,2
косец,2
неуют,2
кария,2
омлет,2
чарка,2
начес,2
шатия,2
лапта,2
вафля,2
зачин,2
калиф,2
цуцик,2
помет,2
ареал,2
вывих,2
носач,2
родич,2
валик,2
филин,2
туфта,2
бурда,2
дофин,2
рытье,2
уздцы,2
винил,2
силач,2
самбо,2
хлябь,2
рахит,2
патлы,2
батут,2
гранд,2
дымок,2
галоп,2
шваль,2
нагар,2
фугас,2
пегас,2
отмаз,2
стрем,2
гелий,2
плюха,2
симка,2
камея,2
мажор,2
кегль,2
сохра,2
трюмо,2
козлы,2
мокко,2
мошна,2
мулат,2
ходка,2
топик,2
пидор,2
барда,2
порто,2
рейка,2
аська,2
кофей,2
гамак,2
флюид,2
афган,2
лимит,2
обгон,2
карат,2
шмара,2
закут,2
педик,2
течка,2
сброс,2
хорек,2
дутик,2
помои,2
гриль,2
декор,2
почин,2
рядок,2
порно,2
тайка,2
окунь,2
холка,2
самба,2
гурон,2
резец,2
зарик,2
близь,2
манга,2
сайка,2
кайло,2
месса,2
ферзь,2
нарта,2
лепет,2
рвань,2
чубук,2
зажим,2
нечет,2
интим,2
зевок,2
бивак,2
шашни,2
жакет,2
фьорд,2
мымра,2
зенки,2
казан,2
жердь,2
вычет,2
отлов,2
думка,2
душок,2
дышло,2
кебаб,2
бегун,2
милок,2
атлет,2
отвес,2
атилл,2
отвод,2
бобик,2
бубен,2
чуваш,2
лыжня,2
надув,2
копал,2
альба,2
рацио,2
ленца,2
лобик,2
амеба,2
оброк,2
глист,2
кварк,2
анаша,2
кайма,2
голик,2
бульб,2
зайка,2
скетч,2
кукан,2
емеля,2
сучок,2
палас,2
шпрот,2
зыбка,2
редут,2
молох,2
колер,2
брага,2
решка,2
скора,2
старь,2
шахид,2
парча,2
дзюдо,2
аверс,2
видик,2
клинч,2
седан,2
юнкер,2
ольха,2
анкор,2
репей,2
жупел,2
аршин,2
аргус,2
розан,2
булла,2
кичка,2
админ,2
спиды,1
багет,1
стокс,1
самум,1
бабах,1
флокс,1
ковка,1
синод,1
маржа,1
голяк,1
зернь,1
пясть,1
песик,1
панна,1
киник,1
бранч,1
заумь,1
жабра,1
каган,1
кляча,1
кулер,1
мешка,1
мазер,1
пуфик,1
биток,1
чинар,1
батыр,1
жупан,1
чепан,1
засор,1
сивуч,1
парти,1
бурун,1
враки,1
медяк,1
сумет,1
зубик,1
хорей,1
косок,1
мысок,1
заеда,1
рогач,1
каури,1
лежак,1
волох,1
выкат,1
карда,1
блуза,1
колит,1
фазан,1
лерка,1
накоп,1
шишак,1
мельк,1
тейбл,1
шамир,1
сявка,1
намет,1
шифер,1
розга,1
сумах,1
перси,1
добор,1
испод,1
канна,1
жевок,1
кожух,1
эклер,1
лафит,1
кавал,1
гумус,1
ралли,1
дацан,1
загиб,1
силос,1
швара,1
сейид,1
талья,1
бутик,1
номен,1
ворог,1
кариб,1
савка,1
битюг,1
щучка,1
моток,1
дюшес,1
киска,1
галла,1
пермь,1
калым,1
унтер,1
хунта,1
мирра,1
ушица,1
тамил,1
защеп,1
бурса,1
нерпа,1
сечка,1
остан,1
мокша,1
эсдек,1
комма,1
обора,1
индюк,1
сором,1
тромб,1
шуйца,1
обрат,1
букер,1
хедив,1
кибуц,1
есаул,1
вольт,1
киста,1
валуй,1
зачес,1
свиль,1
тесак,1
пакша,1
хмурь,1
маман,1
офорт,1
рондо,1
бобби,1
замес,1
халва,1
верба,1
жетон,1
прусс,1
зефир,1
начет,1
мясцо,1
обмер,1
гаусс,1
волок,1
бланш,1
усище,1
дайка,1
рокер,1
хедер,1
взмыв,1
катар,1
скирд,1
фотик,1
униат,1
батик,1
эпюра,1
мяско,1
отруб,1
нукер,1
чибис,1
выгиб,1
женка,1
нолик,1
слайд,1
засос,1
пошиб,1
дойна,1
фалда,1
закуп,1
дерби,1
натяг,1
забой,1
дубка,1
рикша,1
таити,1
заезд,1
возка,1
пырка,1
треба,1
ватин,1
гогот,1
идиом,1
серак,1
гидра,1
горюн,1
юдоль,1
орлик,1
татка,1
измор,1
отсос,1
извоз,1
архея,1
люгер,1
пуаре,1
спект,1
ремиз,1
румба,1
дутье,1
десть,1
мякиш,1
диско,1
отрез,1
олифа,1
колка,1
урина,1
мураш,1
карел,1
озимь,1
пампа,1
сирин,1
прель,1
пропс,1
клуша,1
айпад,1
смарт,1
ворье,1
русич,1
ботан,1
клико,1
ривер,1
зулус,1
гуашь,1
дубок,1
меццо,1
лафет,1
гашиш,1
лейбл,1
налив,1
асура,1
танго,1
семит,1
латук,1
варна,1
барка,1
цокот,1
заруб,1
обжиг,1
опала,1
напой,1
втора,1
насып,1
палаш,1
жабка,1
посад,1
мирза,1
кулич,1
регби,1
дрога,1
оникс,1
вымах,1
трико,1
гусар,1
ненец,1
комик,1
квест,1
белек,1
пария,1
ретро,1
брошь,1
холуй,1
нимфа,1
карри,1
нямка,1
кошак,1
бирка,1
вещун,1
кофий,1
собес,1
жопка,1
овсюг,1
харчо,1
окрас,1
прана,1
выгон,1
баска,1
юрфак,1
бьюик,1
рафик,1
дрель,1
гиена,1
резус,1
накат,1
триод,1
токай,1
бурят,1
опись,1
хорда,1
псина,1
пудик,1
хмарь,1
бадья,1
нытье,1
гузка,1
помол,1
удаль,1
кроль,1
тупак,1
оклик,1
шнифт,1
пахан,1
жменя,1
облет,1
ситец,1
еврик,1
зурна,1
тифон,1
свара,1
натек,1
садка,1
минор,1
кашне,1
чешка,1
отбив,1
шайба,1
отъем,1
мопед,1
кагор,1
смоль,1
шобла,1
пугач,1
блядь,1
тоник,1
мальм,1
донка,1
тукан,1
манна,1
раста,1
кирха,1
эоцен,1
окиян,1
крепь,1
качок,1
софит,1
навис,1
ряшка,1
полив,1
растр,1
кащей,1
затык,1
муфта,1
офеня,1
цимес,1
кулек,1
дилен,1
чабан,1
биота,1
сквот,1
внука,1
тулья,1
нэцкэ,1
шпора,1
даний,1
кодла,1
хамье,1
рыжик,1
кочан,1
рубин,1
осетр,1
цапля,1
шурпа,1
мотня,1
пышка,1
аркад,1
архат,1
плева,1
надел,1
понюх,1
таска,1
пенис,1
трамп,1
стриж,1
остав,1
амвон,1
шалун,1
слюда,1
бонза,1
коала,1
бошка,1
дурка,1
цинга,1
фаянс,1
исавр,1
фишер,1
мучка,1
опара,1
релиз,1
злато,1
кроки,1
амбре,1
полип,1
модус,1
питон,1
драга,1
палия,1
ванта,1
сутра,1
вотум,1
судия,1
манка,1
треух,1
лабух,1
жакан,1
легат,1
ватка,1
ионий,1
мазур,1
боров,1
царек,1
колоб,1
ампир,1
микст,1
терем,1
низка,1
пырей,1
эрзац,1
фюсис,1
купон,1
аудит,1
тесло,1
сарос,1
транш,1
бирюк,1
пешня,1
вакса,1
клише,1
чувяк,1
кресс,1
шопот,1
облак,1
денди,1
парод,1
оттяг,1
отвар,1
пикет,1
сплин,1
лохмы,1
раджа,1
геном,1
ракша,1
фуфло,1
серка,1
гусит,1
бальи,1
лазер,0
мейоз,0
зилот,0
килим,0
летка,0
снить,0
сатир,0
слань,0
фенек,0
покус,0
далит,0
томос,0
тюрюк,0
адище,0
ебота,0
конто,0
серяк,0
степс,0
куман,0
метек,0
бояка,0
дворф,0
нынлу,0
крими,0
кадры,0
аваль,0
магей,0
бабки,0
псарь,0
отжиг,0
гофра,0
анчар,0
цевье,0
впуск,0
панты,0
целла,0
алфер,0
лазея,0
трабл,0
бузав,0
сорго,0
ястык,0
кутан,0
туйон,0
пазик,0
рэпер,0
рутил,0
хонда,0
умбон,0
алкил,0
ципао,0
рилин,0
шоссы,0
клатч,0
лизат,0
сарыч,0
ринда,0
тетум,0
мухач,0
шлихт,0
гелит,0
аваги,0
менди,0
гезат,0
шкеры,0
кисва,0
вуйна,0
тикер,0
хэнгэ,0
аканф,0
иодюр,0
питух,0
амула,0
сучье,0
вотяк,0
бакша,0
цынга,0
бином,0
глитч,0
мосье,0
сотая,0
лычка,0
мойра,0
алань,0
овчар,0
дудак,0
таолу,0
взрез,0
чирик,0
гудеж,0
фенил,0
рагга,0
овсец,0
ситро,0
путло,0
остол,0
пимпа,0
ратит,0
глинт,0
райпо,0
дукат,0
тесла,0
мангр,0
оффер,0
рогор,0
забив,0
мичиф,0
абвер,0
толщь,0
кенеш,0
чадец,0
ракия,0
писко,0
пурда,0
борей,0
нищук,0
умбит,0
бленд,0
крамп,0
юнифа,0
мотто,0
дутар,0
зазыв,0
лазун,0
бахта,0
эвенк,0
мусье,0
пикси,0
азерб,0
силат,0
цветь,0
кухта,0
хаски,0
вабик,0
уебан,0
зулюм,0
дибит,0
шамбо,0
рудар,0
лисищ,0
перга,0
рюшка,0
щенка,0
сотик,0
финна,0
дунец,0
банши,0
порты,0
лжеца,0
свайп,0
гнома,0
ионит,0
адряс,0
хадис,0
колок,0
корги,0
бубка,0
кайен,0
пирон,0
фузор,0
лазка,0
торон,0
рожно,0
днюха,0
пазок,0
тулий,0
сабей,0
башли,0
шабаш,0
дюбек,0
чувал,0
дроид,0
гикос,0
эндсы,0
улита,0
динод,0
ронин,0
торус,0
тапир,0
шорня,0
начал,0
чумак,0
жунта,0
ватер,0
терно,0
бахши,0
зихер,0
термы,0
ангоб,0
ирмос,0
огива,0
букол,0
гачек,0
броги,0
затек,0
прайм,0
кулан,0
чокой,0
митап,0
себум,0
бионт,0
магот,0
ламба,0
шмяка,0
лейма,0
солея,0
хамит,0
бутил,0
филид,0
канзу,0
общак,0
бокор,0
дунит,0
севок,0
нгала,0
станс,0
леток,0
чекер,0
гарум,0
экзон,0
конфа,0
допан,0
свази,0
струг,0
облив,0
дрейн,0
калаш,0
калам,0
дутыш,0
путец,0
ратти,0
синий,0
ченит,0
хиазм,0
цыпка,0
шитво,0
герлс,0
метиз,0
тонар,0
тапас,0
копка,0
серва,0
хянга,0
глефа,0
круиз,0
ртище,0
нахия,0
щипка,0
дойка,0
узура,0
окорм,0
кринж,0
сидка,0
дифон,0
спума,0
жулан,0
лутич,0
чинос,0
твинк,0
верня,0
фаджр,0
бриар,0
мятка,0
автик,0
сопун,0
сурит,0
кочет,0
норит,0
вошик,0
тумор,0
пирок,0
смуть,0
живье,0
пенье,0
фенол,0
фреза,0
пянсе,0
лагун,0
колли,0
мэлан,0
нарик,0
шанкр,0
парео,0
юэчжи,0
кодек,0
курва,0
скилл,0
тризм,0
оттек,0
омфал,0
октен,0
сухый,0
волан,0
холим,0
илеит,0
глиоз,0
кумжа,0
обжим,0
вброс,0
артос,0
лобио,0
валах,0
журка,0
бочче,0
стоян,0
скуба,0
сенна,0
сильф,0
куток,0
шухер,0
олеат,0
элеат,0
перка,0
мокой,0
дебай,0
остин,0
бандх,0
цибет,0
любер,0
слайм,0
арнис,0
галея,0
гриот,0
пурка,0
жучка,0
рэнга,0
бичик,0
пожня,0
веняк,0
севак,0
линол,0
хумус,0
панер,0
пилус,0
дефис,0
видок,0
флуер,0
лесха,0
елань,0
ржище,0
бювар,0
прион,0
долма,0
сепар,0
отгон,0
магик,0
йодль,0
лардо,0
фиала,0
ретэш,0
новье,0
нарты,0
тоала,0
сноха,0
звень,0
адрон,0
уброд,0
катин,0
ссака,0
хапка,0
млеко,0
ляссе,0
покат,0
сухая,0
папик,0
бутня,0
дичка,0
гауда,0
витье,0
тайфа,0
дипин,0
ушкан,0
багно,0
чокер,0
армюр,0
эгрет,0
пруха,0
чекан,0
хозар,0
гохуа,0
шокер,0
тимус,0
гобой,0
дутый,0
марма,0
биакс,0
лунда,0
пусет,0
шауйя,0
резит,0
шмаль,0
ебало,0
алуне,0
аллен,0
анонс,0
палау,0
кетен,0
сыпец,0
гольд,0
мидия,0
дюкер,0
шерпа,0
дурро,0
гжель,0
фитин,0
ренит,0
штамб,0
ильма,0
перко,0
перри,0
фурол,0
херня,0
музон,0
типле,0
чиряк,0
ждуля,0
тягун,0
бурре,0
курес,0
ялбот,0
подой,0
зилок,0
солоп,0
алиен,0
бемит,0
плена,0
кальк,0
майко,0
шинил,0
хазер,0
базит,0
кадди,0
дюрит,0
алаит,0
сыкло,0
гирос,0
весок,0
ректо,0
песнь,0
верея,0
шамот,0
дуоль,0
приор,0
фоска,0
шелеп,0
клест,0
эшарп,0
куруш,0
келия,0
новое,0
лаваж,0
рупия,0
салма,0
арсин,0
канак,0
сырть,0
скудо,0
инфиз,0
тшува,0
шкраб,0
бонки,0
литер,0
бофор,0
вакуф,0
кайра,0
колош,0
ринит,0
агами,0
соджу,0
побыт,0
видак,0
гуляк,0
эссив,0
теста,0
арсис,0
дуван,0
рутин,0
тужба,0
фашик,0
обвоз,0
сакма,0
динги,0
выгар,0
бздун,0
вытяг,0
шумер,0
запев,0
койне,0
обкос,0
ойрат,0
верже,0
гифка,0
вилок,0
мобер,0
палех,0
гайно,0
реган,0
сувой,0
кайка,0
юница,0
обдув,0
фашня,0
генез,0
фрязь,0
налик,0
гобан,0
висяк,0
гагат,0
сапка,0
конча,0
гемин,0
ладка,0
фолос,0
хелат,0
молка,0
бабид,0
рэйит,0
бубны,0
отцеп,0
ранье,0
билль,0
спред,0
букса,0
шиацу,0
линер,0
арара,0
дзори,0
сегун,0
индол,0
репье,0
причт,0
трайк,0
ромша,0
ханка,0
ясырь,0
болюс,0
зумба,0
адатт,0
паршь,0
бойка,0
калям,0
краст,0
турка,0
свеща,0
жупка,0
сикоз,0
гребь,0
хитин,0
очкун,0
нанди,0
данго,0
китаб,0
мэшап,0
музло,0
ссыль,0
асмат,0
титла,0
чубик,0
вария,0
салки,0
мамур,0
вымол,0
выруб,0
минет,0
ведет,0
нерол,0
бипак,0
юнкор,0
абаим,0
ксист,0
ирбис,0
петье,0
сомит,0
бирюч,0
сохач,0
сирен,0
бухло,0
чалка,0
фавус,0
ягиит,0
тренч,0
отмер,0
браво,0
капор,0
игрун,0
фикшн,0
фальц,0
чендж,0
повят,0
сигил,0
вытье,0
кошма,0
смузи,0
бейдж,0
бочар,0
комми,0
тесис,0
хатор,0
энтер,0
джерк,0
клада,0
ламут,0
шавыр,0
замор,0
танин,0
солон,0
бздых,0
либра,0
эшник,0
кенар,0
кекчи,0
рясна,0
вешка,0
алтей,0
ергак,0
астра,0
кушит,0
лизол,0
намыв,0
акрон,0
ренет,0
сдоба,0
силье,0
сабза,0
осмол,0
силон,0
ушкуй,0
кумуз,0
футор,0
чераз,0
везун,0
бигос,0
пейот,0
купор,0
октил,0
хаста,0
ройка,0
алунд,0
едьба,0
ракло,0
футон,0
мафит,0
гуава,0
будин,0
ласун,0
зушка,0
самоа,0
рысца,0
штрек,0
хоана,0
щишки,0
сюрик,0
буява,0
силур,0
умбра,0
надом,0
дроги,0
кизил,0
эскер,0
дунст,0
вавка,0
регги,0
нагул,0
тянка,0
поляш,0
давеж,0
нивоз,0
гмина,0
сабан,0
агапэ,0
тафта,0
прода,0
шевро,0
анбур,0
зандр,0
бодяк,0
хилез,0
клоак,0
вятич,0
дрись,0
конка,0
нишка,0
иллит,0
рубас,0
скена,0
илеус,0
бекас,0
айтыс,0
финбо,0
иссоп,0
секей,0
обкоп,0
фарма,0
ведом,0
иприт,0
догон,0
копир,0
бонка,0
ганит,0
ажгон,0
токен,0
адоба,0
карго,0
хряпа,0
бытье,0
кудлы,0
рулеж,0
нойон,0
мамон,0
панаш,0
девон,0
докал,0
конга,0
зудеж,0
капли,0
рехаб,0
дьюар,0
агуша,0
залаз,0
яишня,0
адвил,0
погиб,0
фофан,0
кокос,0
рачня,0
заява,0
фильц,0
голыш,0
доезд,0
апрош,0
гости,0
целом,0
петие,0
сабра,0
типец,0
мышей,0
рейда,0
сигна,0
сахиб,0
аурей,0
глыбь,0
октал,0
болид,0
тэтан,0
попец,0
пенге,0
гноза,0
иббур,0
бутуз,0
жутик,0
абиоз,0
автол,0
кяфир,0
халди,0
гадей,0
дрань,0
стрик,0
щипач,0
мемас,0
ахоит,0
кивот,0
манду,0
ботик,0
индит,0
бечак,0
телик,0
бибут,0
хурул,0
эозин,0
шабер,0
свада,0
алиас,0
уипет,0
хряст,0
рябок,0
лапиф,0
никто,0
шевяк,0
макси,0
хуман,0
вамби,0
бекар,0
расам,0
хинди,0
ковач,0
могар,0
этрол,0
кунак,0
ифика,0
сяжок,0
цицит,0
вития,0
чипер,0
вокал,0
хуяра,0
нудик,0
шипик,0
янтра,0
арзни,0
отпад,0
гирка,0
донат,0
лесба,0
байки,0
матюк,0
хюгге,0
нураг,0
норос,0
силен,0
крабб,0
зажин,0
кощей,0
алмея,0
найра,0
пимпф,0
перун,0
бишоф,0
лукум,0
опаль,0
ягурт,0
мутул,0
чушня,0
бозар,0
мезон,0
гопак,0
жакоб,0
сюрко,0
отлог,0
обмет,0
гипюр,0
эпопт,0
еблет,0
метан,0
ватты,0
курос,0
телеш,0
иваси,0
келпи,0
зятик,0
ганец,0
омаха,0
орала,0
псион,0
мелос,0
семка,0
грена,0
фифер,0
хэток,0
абаза,0
инвар,0
рюинь,0
легаш,0
пряха,0
кникс,0
аргиш,0
мреть,0
рудит,0
ягуар,0
каско,0
смайл,0
мрежа,0
шасла,0
гадик,0
снафф,0
лепра,0
пипка,0
кнель,0
русня,0
рифей,0
дерма,0
капок,0
очкур,0
ридер,0
увраж,0
люффа,0
мянда,0
салол,0
сырец,0
бейцы,0
щегол,0
аюмаа,0
одеон,0
крига,0
пранк,0
серун,0
совик,0
рутер,0
трион,0
несун,0
кукша,0
урыга,0
керма,0
рядно,0
фация,0
назем,0
кутюр,0
лекса,0
лоден,0
чарас,0
ехида,0
квала,0
тавро,0
нарез,0
нажин,0
антик,0
бутен,0
пайта,0
варан,0
денге,0
рапид,0
тилль,0
хорус,0
пенго,0
хуило,0
ханец,0
кауза,0
плейт,0
сухий,0
шихта,0
гридь,0
ракля,0
запон,0
менжа,0
кипеж,0
пинна,0
друза,0
зажор,0
пинка,0
факих,0
отпал,0
латка,0
нюхач,0
ослоп,0
виабу,0
джайн,0
валка,0
хабар,0
невус,0
фланк,0
ромок,0
церий,0
верун,0
дубль,0
фадом,0
цитра,0
твитт,0
шиизм,0
граве,0
оябун,0
стень,0
абайя,0
утиль,0
жижка,0
эккер,0
жирши,0
жеода,0
полба,0
йидиш,0
раина,0
пакля,0
анбан,0
пукан,0
футаж,0
додзе,0
мушар,0
окаем,0
тяпка,0
ушник,0
чепец,0
сопор,0
печит,0
скрэб,0
падик,0
носак,0
иксер,0
анзур,0
подел,0
осляк,0
хольд,0
ебырь,0
фосса,0
дукан,0
херик,0
кожан,0
стата,0
лещик,0
солза,0
жамка,0
лилея,0
кекит,0
слипы,0
сепия,0
виска,0
хуйло,0
сивко,0
уклея,0
ризен,0
петит,0
пасма,0
суаре,0
барит,0
бинди,0
чукча,0
шверт,0
литье,0
смурь,0
актея,0
суржа,0
роуди,0
чован,0
малка,0
решти,0
любка,0
бздеж,0
карша,0
уйгур,0
ершик,0
сорбе,0
рамен,0
хиляк,0
чушок,0
ревка,0
ессей,0
сайра,0
дотер,0
щупик,0
наяда,0
пикон,0
бандо,0
абант,0
аэроб,0
манси,0
топия,0
трапп,0
монки,0
полой,0
орисс,0
рэмбо,0
залет,0
флейц,0
комби,0
фырок,0
мелия,0
ватан,0
шубат,0
гафер,0
щипцы,0
оддит,0
штерт,0
фамбл,0
лекиф,0
бозон,0
понур,0
моляр,0
бабоа,0
дожиг,0
спурт,0
сулой,0
бэкап,0
морфа,0
плица,0
фабра,0
варик,0
мохит,0
нефеш,0
сайга,0
иодат,0
пижма,0
ремеш,0
фасты,0
земец,0
милфа,0
кобея,0
науру,0
родео,0
райфо,0
мугат,0
мурит,0
эстер,0
аврат,0
хачик,0
мигма,0
лакаб,0
ебель,0
хипеж,0
обжин,0
ягоит,0
низок,0
апион,0
высев,0
чафан,0
крайт,0
нохчи,0
блинд,0
почан,0
борий,0
касик,0
оксим,0
акида,0
мемос,0
морон,0
кнорр,0
солид,0
спюрк,0
химус,0
бабец,0
ругня,0
лиман,0
коель,0
ритон,0
сакля,0
миник,0
ляпис,0
бздех,0
санбо,0
полаб,0
батан,0
житье,0
дринк,0
нумер,0
белец,0
ивина,0
кобел,0
рысак,0
ануак,0
зимка,0
обнал,0
мемес,0
свинг,0
томан,0
кабич,0
ярлит,0
полом,0
срань,0
фурма,0
шмоль,0
манты,0
юссив,0
регат,0
оидий,0
чобот,0
ревун,0
зятек,0
гусан,0
чечка,0
битер,0
омуль,0
бокаж,0
керит,0
кюрий,0
нобль,0
орляк,0
русаб,0
шамма,0
трасс,0
мытня,0
вриод,0
праща,0
трейд,0
отзол,0
ездюк,0
сабин,0
дерба,0
дубак,0
верес,0
сойка,0
мугам,0
сакта,0
халал,0
кагат,0
вывал,0
кацик,0
феатр,0
перит,0
абцуг,0
бурат,0
рабат,0
пивцо,0
наппа,0
сцинк,0
инуит,0
ляган,0
мюзле,0
ханша,0
гамон,0
коген,0
скраб,0
садок,0
банту,0
колюр,0
горпо,0
хутба,0
икаль,0
хуина,0
локер,0
завоз,0
серир,0
шанец,0
энион,0
гусле,0
пойма,0
сянци,0
кознь,0
сатин,0
тения,0
есень,0
лассо,0
мишук,0
пнище,0
ямища,0
турма,0
нубук,0
люрик,0
фишай,0
фатом,0
касло,0
газер,0
трайб,0
уебыш,0
байер,0
краля,0
ярица,0
мумие,0
клака,0
бебут,0
френч,0
домок,0
проух,0
динка,0
яссец,0
бистр,0
археи,0
губье,0
багня,0
цитоз,0
папеж,0
солод,0
тэнит,0
масик,0
татра,0
обзол,0
мозги,0
овуль,0
сенаж,0
тютюн,0
эквит,0
накид,0
обакэ,0
падун,0
скунс,0
рокош,0
гамут,0
авось,0
заеба,0
вента,0
факап,0
акаэм,0
алерт,0
ведун,0
пьеза,0
брана,0
ходун,0
выдел,0
абгаз,0
архей,0
вебка,0
лимбо,0
едрос,0
взвоз,0
карты,0
шмыга,0
донум,0
накры,0
чухня,0
номос,0
отчич,0
морцо,0
сафра,0
копец,0
селям,0
анкер,0
уебок,0
целик,0
куксу,0
сулея,0
шкода,0
миома,0
гэшка,0
лонжа,0
чадра,0
теска,0
аутро,0
апарт,0
паунд,0
тонер,0
личер,0
гуркх,0
варга,0
катыр,0
дилей,0
донер,0
рамет,0
янбан,0
верки,0
аевит,0
варок,0
анлим,0
сомма,0
бумер,0
чикса,0
йиппи,0
пойка,0
кюлот,0
абази,0
тупан,0
экзот,0
лейас,0
адела,0
тащер,0
мацис,0
лайка,0
общее,0
панок,0
дирик,0
хунну,0
удерж,0
хевра,0
кишки,0
муфти,0
ухожь,0
алтея,0
кручь,0
барий,0
алеут,0
стаут,0
цимус,0
нафта,0
бараш,0
тябло,0
гадье,0
будяк,0
стынь,0
манас,0
гуиро,0
оммаж,0
гужир,0
тощак,0
мудня,0
силан,0
кибла,0
фузия,0
ненка,0
поедь,0
сэнто,0
синец,0
парья,0
объеб,0
родан,0
батуд,0
киноа,0
битка,0
кутюм,0
жидва,0
айпэд,0
онсэн,0
виела,0
чаоит,0
непот,0
обмол,0
крэпс,0
талыш,0
фомор,0
сонар,0
щекот,0
вогул,0
канец,0
лачок,0
пороз,0
гезит,0
аттач,0
пивас,0
жумар,0
мятье,0
фаска,0
папан,0
орсин,0
лаццо,0
яруга,0
рипус,0
демос,0
цимен,0
бласт,0
гитов,0
рожки,0
тюрок,0
сивка,0
терма,0
худой,0
налеп,0
стипа,0
писюн,0
рында,0
отлип,0
абьюз,0
тийин,0
алгол,0
ерник,0
курет,0
борид,0
колот,0
онагр,0
чапан,0
артус,0
гроул,0
мюсли,0
инчас,0
рэлей,0
выпар,0
читка,0
ценоз,0
форез,0
ребзя,0
пурин,0
беляш,0
делис,0
хуяка,0
царга,0
грежа,0
ронжа,0
тульч,0
каппа,0
семпл,0
кафир,0
твикс,0
тутси,0
авизо,0
бабуа,0
бредь,0
высер,0
желвь,0
арбор,0
улово,0
сомье,0
чарым,0
хауса,0
зарев,0
седзе,0
юмизм,0
обнос,0
осоед,0
пекан,0
обкат,0
типус,0
гурия,0
сифон,0
червы,0
тюник,0
челик,0
пироп,0
офуро,0
плинт,0
приуз,0
мимик,0
сикул,0
ортез,0
дасия,0
букля,0
карок,0
спаги,0
саран,0
аргон,0
фонон,0
кроше,0
сюнну,0
манту,0
мавка,0
хуета,0
шугай,0
ячник,0
тутти,0
кодон,0
ломок,0
жниво,0
экист,0
всука,0
санго,0
лобок,0
загад,0
путти,0
орикс,0
тайит,0
охлос,0
закос,0
нэнго,0
камео,0
фоник,0
мазда,0
липси,0
рифля,0
лузга,0
взъем,0
мезил,0
лысун,0
одаль,0
базей,0
пасик,0
гавот,0
тупей,0
галит,0
осока,0
перед,0
серик,0
йухня,0
харам,0
патка,0
конфи,0
чирок,0
эпонж,0
аддон,0
бутер,0
ланда,0
чимчи,0
кипиш,0
флопс,0
мелик,0
деним,0
тутор,0
сосец,0
отсыл,0
напас,0
мотет,0
стола,0
аанта,0
винда,0
чирей,0
машта,0
бутит,0
драфт,0
запил,0
пасюк,0
стрим,0
дабке,0
глюон,0
мафон,0
сплог,0
сижка,0
векша,0
хафиз,0
промо,0
пемза,0
горст,0
поруб,0
тюбаж,0
фуррь,0
офшор,0
лягва,0
емейл,0
читта,0
бармы,0
глузд,0
аллил,0
ураза,0
страм,0
оржад,0
димер,0
вежда,0
катод,0
дукер,0
антал,0
стека,0
комбу,0
затес,0
милка,0
навий,0
осмос,0
горжа,0
савар,0
лемеш,0
датив,0
серко,0
мутон,0
берсо,0
парма,0
лында,0
пахвы,0
логин,0
анбар,0
нычка,0
дезик,0
былое,0
джига,0
трайт,0
мирка,0
пасок,0
нарды,0
брыль,0
тафия,0
абшит,0
комса,0
актин,0
игрец,0
копыл,0
блато,0
ганаш,0
айзер,0
подог,0
индри,0
мшель,0
найки,0
белги,0
боген,0
урема,0
гинея,0
дудеж,0
дичок,0
аннит,0
бокит,0
булик,0
олеин,0
гуппи,0
алдар,0
севач,0
шейха,0
кавай,0
скрад,0
шванк,0
айрум,0
ротан,0
леоне,0
алкин,0
баснь,0
мюрид,0
денье,0
срака,0
экзит,0
глаза,0
гузно,0
цепня,0
стелс,0
аэдес,0
окрол,0
очник,0
вымет,0
гилея,0
ишхан,0
никса,0
тягач,0
дебет,0
карст,0
аммин,0
репка,0
отарк,0
родак,0
тодес,0
аулос,0
унами,0
бебра,0
увеит,0
ярыга,0
штанц,0
медье,0
дудук,0
краза,0
тондо,0
орлан,0
аниец,0
юкола,0
бакча,0
стафф,0
темка,0
кутра,0
бипер,0
манки,0
эрбин,0
пуцин,0
патан,0
ризка,0
щелок,0
мазар,0
ваган,0
копра,0
кулеш,0
колье,0
ясмин,0
цирен,0
засыл,0
крота,0
дадух,0
псише,0
айрак,0
стент,0
герат,0
кодер,0
кегли,0
финик,0
телия,0
рекон,0
литон,0
козан,0
умами,0
ежиха,0
непер,0
зябра,0
митра,0
шпона,0
сойма,0
отбег,0
курур,0
музга,0
чарок,0
гуцул,0
сычуг,0
тония,0
сныть,0
мамбо,0
талес,0
шкант,0
снорк,0
чомга,0
небел,0
эшель,0
яхонт,0
якуба,0
пилав,0
ханиф,0
эглет,0
обсер,0
нияма,0
хатка,0
липач,0
цзинь,0
дадан,0
домек,0
камка,0
индий,0
бутан,0
опоек,0
райят,0
тарга,0
калпа,0
рафия,0
сорит,0
ройба,0
мойва,0
кюрит,0
лесби,0
далия,0
дорка,0
акаша,0
покон,0
диэдр,0
ивент,0
трона,0
марал,0
луффа,0
сучня,0
калья,0
падог,0
триас,0
цирлы,0
форте,0
тилла,0
песто,0
закус,0
турик,0
апрув,0
флаер,0
берат,0
авлос,0
агенс,0
чинук,0
тимол,0
джайв,0
хинон,0
абзим,0
сериф,0
манье,0
параф,0
арама,0
дамно,0
блоть,0
вязок,0
касба,0
зэчка,0
ригид,0
дигук,0
сикль,0
кутас,0
микоз,0
калла,0
идаит,0
борть,0
опона,0
лупка,0
блиск,0
клерс,0
узина,0
колча,0
коряк,0
упаги,0
оковы,0
двояк,0
бяшка,0
зэчье,0
гонок,0
кешью,0
выдув,0
лупин,0
пинен,0
этрап,0
зипун,0
аллод,0
серсо,0
слова,0
гранж,0
тюрбо,0
живец,0
хилер,0
айдол,0
стора,0
акажу,0
камас,0
гамба,0
силка,0
аргас,0
хакит,0
брыжи,0
курка,0
чатни,0
аттик,0
жират,0
ясень,0
сипак,0
цедра,0
извет,0
тории,0
гумми,0
сусло,0
глеба,0
эммер,0
ноэль,0
фетюк,0
пашот,0
цицес,0
хадак,0
пайса,0
кясра,0
жопис,0
басок,0
видма,0
шутер,0
гибка,0
клуня,0
этвеш,0
рябец,0
наход,0
юрага,0
фуран,0
кохия,0
офсет,0
визир,0
кубит,0
валец,0
могол,0
гахам,0
модий,0
сапун,0
шельф,0
нырец,0
веган,0
друид,0
чинка,0
набоб,0
бонна,0
чапля,0
эрика,0
дурик,0
прыск,0
наноб,0
азери,0
анима,0
фимоз,0
акрил,0
линек,0
велум,0
обдир,0
нырок,0
трефы,0
оолог,0
ерань,0
глайд,0
вэшка,0
опиат,0
тонфа,0
аскер,0
генин,0
браса,0
набла,0
гарда,0
випка,0
пиита,0
кумин,0
пикша,0
антем,0
раунд,0
айпод,0
ламин,0
пакер,0
мером,0
клупп,0
порск,0
лытки,0
солка,0
сунна,0
елдак,0
ошеек,0
шабот,0
лузер,0
бадер,0
донья,0
рунец,0
ситце,0
зечка,0
набка,0
гросс,0
хайку,0
оксия,0
саола,0
гимор,0
дойра,0
домер,0
кохен,0
качим,0
блуга,0
падуб,0
герлз,0
кеинг,0
свояк,0
алкид,0
взмет,0
хайло,0
кечуа,0
шелти,0
хлюст,0
макао,0
глясе,0
гипар,0
рэйки,0
репер,0
диада,0
фарси,0
садху,0
крица,0
дубец,0
резол,0
бализ,0
ханъе,0
щипок,0
мурал,0
толос,0
немая,0
дошка,0
рубаб,0
ливан,0
пожог,0
гарус,0
гусик,0
тяжка,0
берцы,0
ратин,0
саджа,0
дурра,0
кэдди,0
аэрон,0
набот,0
аозай,0
триал,0
баинг,0
ашрам,0
пенне,0
гусли,0
фекал,0
блант,0
капут,0
ужака,0
амида,0
кербь,0
шамуа,0
чабер,0
макса,0
свитч,0
лбище,0
баббл,0
апноэ,0
дебит,0
скалы,0
эквид,0
чеджу,0
локус,0
акбаш,0
гелон,0
плаза,0
лаунж,0
трипс,0
бафия,0
налой,0
сорус,0
пешец,0
ассам,0
цапка,0
целка,0
гитан,0
няшка,0
покол,0
выкос,0
цимол,0
хамка,0
хавка,0
штифт,0
колтт,0
ладду,0
эвент,0
жарок,0
жужик,0
ношпа,0
флейм,0
крафт,0
конид,0
бювет,0
махры,0
подий,0
ихтис,0
аггел,0
псили,0
обжог,0
сэсэн,0
соляк,0
русин,0
сцаки,0
сенки,0
тупец,0
стрип,0
кадра,0
возжа,0
овист,0
ложок,0
пичок,0
тунец,0
фичер,0
дулеб,0
урман,0
тапок,0
трефа,0
паруш,0
плесо,0
шудра,0
выбой,0
церка,0
кетон,0
ладок,0
райта,0
цанга,0
покор,0
рибай,0
шихан,0
инста,0
кокус,0
интро,0
гевея,0
сурма,0
садно,0
факир,0
ужище,0
шодди,0
игиль,0
отсев,0
акмит,0
кости,0
милиа,0
стант,0
тэнгу,0
фюмаж,0
излог,0
супец,0
кожье,0
умище,0
чухан,0
паташ,0
губер,0
бакай,0
выкол,0
учага,0
редан,0
бемба,0
оркан,0
цыпки,0
адыге,0
вялый,0
хамло,0
бинго,0
людус,0
кранч,0
дрофа,0
номад,0
хемоз,0
попыт,0
комбо,0
позем,0
плока,0
махос,0
обсос,0
сквош,0
сумон,0
фабза,0
афшар,0
пижня,0
иолит,0
жопуа,0
лишко,0
волоф,0
ногаи,0
скачь,0
оптик,0
убрус,0
пушту,0
сижок,0
кукси,0
деизм,0
блинт,0
саунд,0
айтыш,0
выгул,0
фреск,0
камус,0
фондю,0
эспри,0
ебала,0
шалон,0
абасг,0
путик,0
оксид,0
гумит,0
кухен,0
главк,0
бабье,0
аскос,0
парез,0
влчак,0
талик,0
алкен,0
отщеп,0
чреда,0
лежка,0
варез,0
берка,0
эрбий,0
шевер,0
ойлер,0
релин,0
рацея,0
куреш,0
шримс,0
кукри,0
мурья,0
рахис,0
нэпач,0
бурав,0
колик,0
эвээм,0
митоз,0
кильт,0
брыла,0
тулит,0
абака,0
выжим,0
соляр,0
апорт,0
лорум,0
спрей,0
шварт,0
петун,0
хусит,0
смска,0
набой,0
нодья,0
фений,0
квадр,0
потто,0
тапер,0
фомка,0
балок,0
обруб,0
венда,0
потяг,0
шютте,0
медин,0
букан,0
ястак,0
зацеп,0
мнема,0
дэшка,0
елень,0
унбан,0
афтыч,0
майна,0
альни,0
вазон,0
литий,0
бауит,0
ренат,0
саква,0
фагот,0
ресеч,0
ижора,0
сайма,0
аурат,0
рапан,0
галюн,0
фукус,0
кадар,0
атуот,0
юризм,0
ревир,0
херой,0
паска,0
сенет,0
квача,0
бульк,0
торги,0
окапи,0
оромо,0
кипеш,0
бобок,0
нерка,0
юнгит,0
антре,0
опция,0
нотис,0
пахви,0
капри,0
кутаб,0
апсия,0
райзо,0
берек,0
жатье,0
дерть,0
манат,0
кинед,0
хилус,0
эпика,0
шушун,0
такыр,0
джоки,0
дрифт,0
морин,0
омрак,0
ример,0
габба,0
мофет,0
сетап,0
титин,0
парок,0
вуфер,0
фомит,0
навка,0
сутаж,0
валеж,0
геоид,0
лакец,0
ранет,0
вошка,0
кокни,0
латин,0
юниор,0
мямля,0
тхина,0
сенцо,0
селеб,0
тохар,0
рыбец,0
личка,0
индел,0
жатка,0
спонж,0
бекер,0
фижма,0
бейби,0
хевея,0
палий,0
кумол,0
барре,0
аминь,0
шавка,0
иодид,0
айсик,0
басик,0
тараф,0
белен,0
девот,0
гичка,0
йенец,0
карло,0
герыч,0
нытик,0
гетит,0
синап,0
облов,0
нагид,0
атрий,0
замот,0
камса,0
рдест,0
щетки,0
тоний,0
облас,0
аноха,0
экспа,0
скриб,0
фасет,0
кэроб,0
зраза,0
нанду,0
айрол,0
бегаш,0
остюк,0
лишай,0
гювеч,0
гуаса,0
тизер,0
пенни,0
панир,0
арека,0
рябик,0
сиена,0
ибекс,0
айрон,0
ахеец,0
пещер,0
таэль,0
лифон,0
фидер,0
брида,0
золка,0
олтар,0
искин,0
вылаз,0
ошкуй,0
чомпи,0
карук,0
пьеро,0
выщип,0
хахам,0
саман,0
эркер,0
трама,0
дайме,0
шелом,0
ябиру,0
уртит,0
рафид,0
взвар,0
датер,0
архар,0
пунец,0
катал,0
писюк,0
литка,0
тофус,0
чаман,0
склиз,0
курья,0
гиоид,0
бисак,0
колет,0
дежка,0
сорье,0
мысик,0
секач,0
тырло,0
релон,0
релка,0
таваф,0
велюр,0
физия,0
спайс,0
ебуки,0
клоке,0
бочаг,0
фифка,0
арден,0
елина,0
ростр,0
петел,0
имейл,0
люстр,0
шавру,0
нэцке,0
пелит,0
замин,0
хапун,0
жатва,0
везир,0
белки,0
пршут,0
ооцит,0
молвь,0
гумор,0
рыжак,0
гринд,0
излад,0
ифрит,0
взбег,0
прово,0
кимчи,0
весси,0
кутум,0
зумер,0
лайба,0
тулук,0
кинцо,0
рыжий,0
бухид,0
тверк,0
цахур,0
зыбун,0
сипай,0
гаочэ,0
кюрин,0
теллс,0
аграф,0
тайтл,0
потка,0
ришта,0
саами,0
арака,0
барок,0
имаго,0
ровик,0
тэнсю,0
ломик,0
табия,0
гиляк,0
тенек,0
ебеня,0
тузик,0
ивняк,0
цадик,0
свати,0
сыкун,0
люпин,0
сирак,0
авгур,0
сквид,0
ионик,0
медий,0
остяк,0
лизун,0
кладь,0
думец,0
пузан,0
мохны,0
клефт,0
багер,0
йезид,0
абшид,0
сулук,0
тючок,0
полон,0
сигма,0
липид,0
омежь,0
флейт,0
зобик,0
ковид,0
астат,0
тусеж,0
гриба,0
мюзет,0
ситар,0
новик,0
синти,0
айван,0
фатюй,0
кубло,0
вымич,0
брейк,0
сенэн,0
фьюжн,0
хуйня,0
агнат,0
откус,0
жидок,0
цешка,0
катки,0
скенэ,0
никаб,0
хомяк,0
ковар,0
свеит,0
чужая,0
вымор,0
ижица,0
лалка,0
айран,0
сквиз,0
ыгрек,0
фусха,0
фиакр,0
мацун,0
триер,0
алыча,0
понор,0
иджма,0
герма,0
лошак,0
флинт,0
алтан,0
пизда,0
хоким,0
гонзо,0
турач,0
пхали,0
хакас,0
рунди,0
бандл,0
шашки,0
глюма,0
коток,0
редон,0
килик,0
повой,0
режик,0
сплит,0
ценур,0
энзим,0
вески,0
флешь,0
типик,0
поэза,0
горит,0
тугра,0
ишиас,0
ебико,0
панье,0
задик,0
бикса,0
вивер,0
винча,0
бакун,0
шкерт,0
фанза,0
кухва,0
семис,0
кэмпо,0
визор,0
грейд,0
зрада,0
эйчар,0
дедич,0
рицин,0
хычин,0
хлупь,0
тугун,0
фурил,0
пирке,0
крант,0
попик,0
какол,0
титло,0
ропак,0
бртуч,0
гваяк,0
бубон,0
эвеит,0
тафья,0
хтонь,0
шопер,0
ятваг,0
агама,0
инула,0
уруси,0
черен,0
нанга,0
пипец,0
анона,0
аксон,0
пасмо,0
натес,0
басса,0
взыск,0
кайчи,0
негус,0
ласта,0
кумар,0
синто,0
принт,0
визаж,0
сеево,0
лютик,0
хорар,0
чадка,0
камут,0
вервь,0
суфий,0
кегля,0
бутса,0
деист,0
йотун,0
хорея,0
игнор,0
дрена,0
нитон,0
хорос,0
ворга,0
учхоз,0
твист,0
нравы,0
таган,0
горно,0
ребаб,0
ванек,0
кудла,0
койма,0
сагиб,0
регот,0
вайфу,0
заман,0
шейма,0
орево,0
пулен,0
мафик,0
кайла,0
оршад,0
согра,0
мирон,0
теист,0
лютье,0
вепрь,0
пиано,0
цепка,0
велик,0
йодат,0
кипер,0
зализ,0
сенцы,0
кэтти,0
навой,0
бердо,0
ровер,0
сейша,0
кацап,0
алеец,0
дуате,0
еюнит,0
селен,0
койнэ,0
корец,0
датог,0
слоек,0
лайда,0
ротон,0
есеня,0
бейгл,0
шитик,0
манто,0
вышиб,0
кукож,0
зарод,0
лешак,0
вазик,0
версо,0
выбег,0
седзи,0
малиш,0
кокле,0
ездка,0
порше,0
аурид,0
бушон,0
байза,0
косач,0
котух,0
ржака,0
салад,0
трусы,0
лохос,0
омега,0
инкуб,0
пиран,0
бадан,0
нагон,0
конха,0
алюра,0
галда,0
карча,0
вылом,0
пегаш,0
мурин,0
мычка,0
обмыв,0
хазан,0
булга,0
шимми,0
гнейс,0
стега,0
скайс,0
слайс,0
шмоня,0
цибик,0
цизит,0
пищик,0
всток,0
курай,0
юката,0
шизик,0
вельд,0
котец,0
проеб,0
дорги,0
шорец,0
тамга,0
тюрик,0
бастр,0
волюм,0
талит,0
люнет,0
рушка,0
мондо,0
тырса,0
думач,0
хаома,0
моэль,0
еблец,0
кинез,0
курта,0
мокик,0
судав,0
жмудь,0
разик,0
канит,0
сивер,0
сосун,0
мышак,0
насад,0
попас,0
шренц,0
вотив,0
лавис,0
сайкл,0
ксана,0
шафер,0
хикка,0
плаун,0
обчет,0
крыга,0
щурок,0
кутин,0
супин,0
былие,0
оплыв,0
кураш,0
пыжик,0
серум,0
рудяк,0
тюнер,0
кагал,0
йомен,0
бодхи,0
тильт,0
миазм,0
цапун,0
шауни,0
чурак,0
пахит,0
валек,0
догри,0
фреон,0
усики,0
гомей,0
пипис,0
фолио,0
цевка,0
дафна,0
баяти,0
кинто,0
носки,0
динго,0
кхмер,0
сырца,0
итоит,0
пигус,0
начос,0
фурор,0
вруша,0
лемма,0
макак,0
цезий,0
защип,0
жница,0
бенди,0
гэбня,0
елдач,0
орхит,0
строб,0
валок,0
баттл,0
губан,0
желть,0
козны,0
дебаг,0
ятвеж,0
маори,0
бюкса,0
моник,0
нигга,0
прево,0
харио,0
скрап,0
засев,0
инпут,0
шорка,0
дрызг,0
эмбол,0
палея,0
мезга,0
хашар,0
бахча,0
сусак,0
чимбу,0
линга,0
облой,0
солен,0
пялка,0
цехин,0
моном,0
горал,0
оброн,0
курец,0
игрек,0
брифы,0
взрыд,0
потик,0
басма,0
ямаец,0
орале,0
лиаза,0
азиец,0
сомик,0
элюат,0
дамка,0
паддл,0
отсып,0
аргал,0
айоли,0
нилот,0
ганка,0
дрына,0
ратай,0
скало,0
хряск,0
рачок,0
хирот,0
цунар,0
крема,0
эпарх,0
гаман,0
пимки,0
котип,0
урсон,0
сцуко,0
скуда,0
кижуч,0
чакан,0
типун,0
велит,0
тупье,0
чмырь,0
саржа,0
техан,0
ятвяг,0
пяток,0
лбина,0
трейл,0
шанти,0
преза,0
манул,0
анзац,0
чехит,0
навар,0
сбора,0
хукоу,0
кунфу,0
уныль,0
хамса,0
задир,0
катык,0
гарнц,0
сдело,0
гофре,0
митек,0
хурал,0
патио,0
акант,0
свами,0
язина,0
люпус,0
дерка,0
гемор,0
асцит,0
шняга,0
вчера,0
гоглы,0
грипс,0
цигун,0
юннат,0
зашаг,0
хендж,0
молян,0
снейк,0
велми,0
мотик,0
метоп,0
торит,0
жудец,0
хамеж,0
марля,0
зельц,0
тигре,0
чатик,0
сверк,0
севба,0
брада,0
анрег,0
ожина,0
порус,0
вистл,0
момме,0
лизин,0
дреды,0
тирит,0
клапы,0
лелег,0
скуди,0
детки,0
борат,0
циста,0
бакен,0
тимин,0
егерь,0
санди,0
сорок,0
невер,0
узерк,0
псица,0
торос,0
глогг,0
изъеб,0
мудак,0
бонго,0
оидия,0
завес,0
дурит,0
элиит,0
анкап,0
гумма,0
сокет,0
хуище,0
гетра,0
ктырь,0
жинка,0
ермос,0
кенаф,0
бухач,0
валух,0
кафар,0
лавда,0
ягель,0
кинза,0
анион,0
кокет,0
бопер,0
панья,0
гоист,0
капча,0
смерд,0
цацка,0
вырий,0
козон,0
фуяра,0
сарон,0
сукре,0
мцыри,0
теизм,0
клещи,0
лохма,0
невма,0
кутис,0
пагон,0
избач,0
фюзен,0
дедок,0
септа,0
ренин,0
кельт,0
покал,0
сиджо,0
отлуп,0
глуар,0
опиан,0
моммэ,0
божба,0
корчь,0
шинка,0
воббл,0
аркоз,0
гунфу,0
сейлз,0
мадия,0
хазар,0
кюфта,0
кяриз,0
яспис,0
эксод,0
шинок,0
омела,0
бенто,0
селин,0
пажик,0
иксия,0
агогэ,0
отаку,0
кашпо,0
совок,0
измол,0
чекап,0
тажин,0
высед,0
охлуп,0
скарн,0
косая,0
мокап,0
пекот,0
метол,0
выдуй,0
лютня,0
бакан,0
выпор,0
утица,0
фуэте,0
лысто,0
попок,0
холон,0
ортит,0
эмпат,0
сибас,0
дувал,0
гнусь,0
повоз,0
гирло,0
инцел,0
завша,0
гэнро,0
шипок,0
аниме,0
дихта,0
копач,0
цинаш,0
сюита,0
вылив,0
антей,0
херем,0
кулье,0
манта,0
айфон,0
ребут,0
рубаи,0
халда,0
зумпф,0
кобыз,0
сингл,0
опока,0
крень,0
лукно,0
ашель,0
вохра,0
топаз,0
тунит,0
пикан,0
фурри,0
драже,0
радий,0
уркан,0
крапп,0
гомно,0
инока,0
дирит,0
чучхе,0
коник,0
джины,0
ромец,0
эрдит,0
аларм,0
тубик,0
аштец,0
ойран,0
тевкр,0
кукуи,0
бачка,0
брама,0
тромп,0
хурма,0
чолга,0
нанос,0
милон,0
хикки,0
фуляр,0
газок,0
выпек,0
тхали,0
канюк,0
джила,0
динас,0
смоки,0
парун,0
гугол,0
окоем,0
ремез,0
тешка,0
батун,0
кушон,0
дерен,0
фарца,0
мираб,0
танка,0
церит,0
шипун,0
шубер,0
кунка,0
цикля,0
ребек,0
супер,0
желна,0
данса,0
орлец,0
репит,0
манор,0
суинг,0
скейт,0
стрый,0
катях,0
тмеза,0
гусек,0
вышак,0
ржица,0
кабил,0
клика,0
мунит,0
выпал,0
глузг,0
егоза,0
нулик,0
карет,0
гумбо,0
шатуш,0
линея,0
барич,0
аньюм,0
минея,0
файер,0
сидюк,0
кобол,0
пушер,0
родий,0
корда,0
мшара,0
шпуля,0
бонмо,0
гуран,0
метал,0
затар,0
лямур,0
махан,0
синус,0
кидок,0
демка,0
снитч,0
извин,0
шилье,0
вапор,0
дильс,0
помак,0
чуана,0
рекап,0
дартс,0
нанка,0
шнява,0
экшен,0
рамэн,0
криль,0
комес,0
пещур,0
нонет,0
кутья,0
сукка,0
мивал,0
ковит,0
кадаг,0
легуа,0
огарь,0
маран,0
подок,0
рибоп,0
толар,0
цирик,0
цыбик,0
алгия,0
опхоз,0
косье,0
мчади,0
относ,0
чаище,0
вирга,0
лыдка,0
вылов,0
брика,0
вирша,0
вэйци,0
лошок,0
чопик,0
радон,0
пахта,0
сряда,0
думак,0
ланка,0
теург,0
сисоп,0
ротор,0
флосс,0
абаец,0
комит,0
базин,0
редия,0
кокор,0
отава,0
елбан,0
лифак,0
секас,0
фузея,0
эдема,0
тозик,0
едома,0
байге,0
ласси,0
могул,0
сизяк,0
обсев,0
амара,0
синдх,0
накос,0
салит,0
нория,0
коипу,0
фураж,0
чопин,0
блонд,0
пирит,0
гизмо,0
липец,0
нагиб,0
страз,0
читер,0
лизис,0
гиада,0
долив,0
чичер,0
динар,0
марши,0
осмий,0
фанки,0
клипс,0
гепид,0
юферс,0
копие,0
катух,0
хяким,0
цабан,0
турак,0
шалот,0
выкус,0
кодия,0
севец,0
гофер,0
зорит,0
сагум,0
пилум,0
сткло,0
нисан,0
гаучо,0
дзета,0
лавра,0
дуомо,0
гемма,0
мэрон,0
хейит,0
сладж,0
авгит,0
акома,0
филум,0
копун,0
систр,0
кетоз,0
тыйын,0
австр,0
поцик,0
пенат,0
двига,0
сомон,0
нищая,0
манок,0
ятовь,0
коата,0
атман,0
скань,0
латте,0
дубье,0
аплит,0
койол,0
тангл,0
букле,0
ларва,0
бекет,0
кисэн,0
обмин,0
гилас,0
легал,0
тсуга,0
смазь,0
лабет,0
люмен,0
хуцпа,0
метин,0
олуша,0
бардо,0
риель,0
нилит,0
вадья,0
тырка,0
басон,0
талус,0
ископ,0
сулык,0
рубоб,0
ларец,0
возик,0
чечет,0
хуила,0
клица,0
коати,0
кранк,0
родер,0
отгиб,0
шифон,0
ухарь,0
лысяк,0
черри,0
рыжье,0
мосол,0
жнива,0
апачи,0
гейма,0
сиаль,0
морит,0
панда,0
закоп,0
бурак,0
выжиг,0
преон,0
томич,0
билин,0
хакка,0
шлица,0
муаре,0
фанта,0
порей,0
муцин,0
откол,0
апекс,0
кэндо,0
менка,0
троян,0
ебань,0
повер,0
кекур,0
хошун,0
лжица,0
ебарь,0
лачка,0
додой,0
авост,0
заток,0
агава,0
гумоз,0
филло,0
чумка,0
тэшка,0
шелон,0
спайк,0
кедик,0
харчи,0
физра,0
махач,0
стрел,0
рогоз,0
бейка,0
замет,0
стило,0
цетан,0
абаас,0
сабже,0
камча,0
полть,0
чурек,0
тойон,0
грибы,0
дронт,0
ортет,0
мерва,0
хошен,0
орарь,0
федай,0
ансаб,0
отдух,0
гуано,0
жалко,0
фелло,0
остит,0
брезг,0
сабур,0
карвы,0
инион,0
луток,0
прайд,0
дипир,0
швепс,0
будра,0
питье,0
ферми,0
дунам,0
обедь,0
гекта,0
досыл,0
донце,0
алкан,0
кумай,0
гусак,0
войда,0
мульт,0
квиют,0
налим,0
кумык,0
падма,0
трест,0
бэгги,0
еблан,0
самса,0
пилон,0
грюйт,0
фуцан,0
выпот,0
перье,0
алгид,0
пошет,0
мамсы,0
отвоз,0
нивка,0
терат,0
аксис,0
серин,0
шпынь,0
сплиф,0
ночвы,0
бареж,0
байда,0
арчак,0
судув,0
эндек,0
падре,0
багги,0
слука,0
питок,0
валки,0
тусня,0
рекан,0
пифия,0
мушир,0
корье,0
жиган,0
берцо,0
оелит,0
агути,0
повал,0
шахна,0
скрин,0
гамаз,0
гедза,0
армяк,0
равви,0
шнека,0
пикап,0
сарма,0
понты,0
нимит,0
мазло,0
райда,0
сойот,0
моизм,0
сквиш,0
обужа,0
поляр,0
локва,0
тягло,0
курзе,0
сифит,0
скопа,0
бесик,0
шибер,0
телка,0
связа,0
фолия,0
тынок,0
видос,0
аянка,0
дошик,0
курум,0
мазик,0
ансар,0
онуча,0
безик,0
ангас,0
домра,0
депра,0
фрахт,0
багуа,0
веред,0
дацит,0
карга,0
пифос,0
цапфа,0
билон,0
лидар,0
фитюк,0
мегом,0
стерх,0
тотал,0
псора,0
мигач,0
квилт,0
лазок,0
вакат,0
ямега,0
аккум,0
траст,0
секис,0
фацет,0
отмыв,0
клект,0
салят,0
задок,0
досев,0
пикер,0
бадуй,0
шмура,0
жевка,0
гарде,0
гелик,0
ксень,0
яенин,0
ляшка,0
фемка,0
котлы,0
поруш,0
кацея,0
вейка,0
зоман,0
лития,0
палац,0
тетри,0
селфи,0
джанк,0
трема,0
шакти,0
кайна,0
падра,0
намол,0
сокер,0
кошер,0
коикс,0
шахец,0
фатта,0
долби,0
парфе,0
слинг,0
октан,0
рожак,0
жерех,0
укрюк,0
борок,0
ебака,0
вахня,0
шофар,0
истод,0
чуйка,0
магаз,0
типок,0
отлас,0
капер,0
хумчи,0
палуб,0
ямпец,0
дожим,0
угрев,0
разер,0
кикер,0
лихен,0
талец,0
дойло,0
стаза,0
велец,0
занде,0
губач,0
чилим,0
фалак,0
граус,0
дроун,0
гаспс,0
гурья,0
шассе,0
емшан,0
узюка,0
алчба,0
икаит,0
якана,0
левит,0
бедка,0
уреид,0
резак,0
детва,0
лемок,0
ржавь,0
аллюр,0
плавь,0
чебот,0
байга,0
овоид,0
илька,0
оолит,0
нумен,0
фетва,0
пиния,0
гомик,0
химка,0
балан,0
кобия,0
аншеф,0
схима,0
цукат,0
мунгу,0
шемая,0
ночер,0
плохо,0
пайва,0
моаре,0
лычко,0
китит,0
бушма,0
бреве,0
нацик,0
сердж,0
редиф,0
сквад,0
семик,0
выпук,0
паныч,0
аянец,0
намин,0
иерей,0
экшон,0
вязье,0
дилдо,0
скорм,0
сурна,0
голье,0
гужик,0
узкая,0
обрис,0
ямина,0
ебобо,0
бадик,0
стежь,0
позер,0
галос,0
бибоп,0
ссуда,0
кавер,0
кница,0
лыска,0
алтын,0
чухна,0
матан,0
копер,0
кроат,0
гурда,0
мамба,0
облог,0
футер,0
тиара,0
ревью,0
чипок,0
возок,0
грайм,0
гугня,0
мурти,0
атолл,0
сават,0
тенге,0
узвар,0
фарад,0
щурка,0
тальк,0
курак,0
жиряк,0
авран,0
йодид,0
мусат,0
поташ,0
кобза,0
тазер,0
литра,0
шабур,0
афеня,0
табес,0
пайза,0
отлом,0
фикса,0
повет,0
довоз,0
лацци,0
модал,0
лофер,0
пикча,0
мурло,0
олеум,0
коска,0
шахин,0
гонит,0
орлон,0
акиба,0
бамия,0
вятка,0
обвес,0
кифоз,0
руфер,0
тихит,0
пердь,0
сейба,0
злюка,0
лемур,0
кохит,0
супат,0
доула,0
фитол,0
бомик,0
кобуз,0
олива,0
резен,0
алаец,0
закят,0
шпунт,0
катыш,0
дыхло,0
шадуф,0
нейит,0
бибой,0
лакса,0
ленок,0
масаи,0
гимен,0
дупль,0
зооид,0
тефра,0
эолит,0
оншор,0
боран,0
пузцо,0
левел,0
кадий,0
мялка,0
ликий,0
лучик,0
галья,0
хоста,0
октет,0
суфле,0
сблев,0
ташка,0
закол,0
винир,0
манко,0
юриит,0
флоат,0
взъеб,0
хокку,0
гомар,0
креол,0
чтица,0
отчал,0
цинка,0
флиак,0
зарин,0
пукля,0
зигит,0
ангус,0
балдж,0
лытка,0
туляк,0
ханат,0
икряк,0
надой,0
гавар,0
конте,0
серна,0
мэрша,0
дачка,0
рулет,0
жвало,0
шулюм,0
даман,0
былка,0
досол,0
берма,0
потир,0
мория,0
юзинь,0
отмах,0
рейки,0
корча,0
кувез,0
селюк,0
залец,0
вспых,0
лобан,0
абхаз,0
модер,0
певун,0
когия,0
